{
  "model": "XGBClassifier",
  "params": {
    "objective": "multi:softprob",
    "base_score": null,
    "booster": null,
    "callbacks": null,
    "colsample_bylevel": null,
    "colsample_bynode": null,
    "colsample_bytree": 0.9,
    "device": null,
    "early_stopping_rounds": null,
    "enable_categorical": true,
    "eval_metric": "mlogloss",
    "feature_types": null,
    "gamma": null,
    "grow_policy": null,
    "importance_type": null,
    "interaction_constraints": null,
    "learning_rate": 0.1,
    "max_bin": null,
    "max_cat_threshold": null,
    "max_cat_to_onehot": null,
    "max_delta_step": null,
    "max_depth": 6,
    "max_leaves": null,
    "min_child_weight": null,
    "missing": NaN,
    "monotone_constraints": null,
    "multi_strategy": null,
    "n_estimators": 500,
    "n_jobs": 0,
    "num_parallel_tree": null,
    "random_state": 42,
    "reg_alpha": 0.0,
    "reg_lambda": 1.0,
    "sampling_method": null,
    "scale_pos_weight": null,
    "subsample": 0.9,
    "tree_method": "hist",
    "validate_parameters": null,
    "verbosity": null,
    "num_class": 5
  },
  "best_iteration_": null,
  "cv_f1_macro_mean": 0.5658035284393608,
  "cv_f1_macro_std": 0.05657032407878546,
  "test_accuracy": 0.6576200417536534,
  "test_f1_macro": 0.4871637653016217,
  "classification_report": {
    "0": {
      "precision": 0.3076923076923077,
      "recall": 0.19047619047619047,
      "f1-score": 0.23529411764705882,
      "support": 21.0
    },
    "1": {
      "precision": 0.47058823529411764,
      "recall": 0.4444444444444444,
      "f1-score": 0.45714285714285713,
      "support": 54.0
    },
    "2": {
      "precision": 0.4470588235294118,
      "recall": 0.48717948717948717,
      "f1-score": 0.4662576687116564,
      "support": 78.0
    },
    "3": {
      "precision": 0.3793103448275862,
      "recall": 0.39759036144578314,
      "f1-score": 0.38823529411764707,
      "support": 83.0
    },
    "4": {
      "precision": 0.8888888888888888,
      "recall": 0.8888888888888888,
      "f1-score": 0.8888888888888888,
      "support": 243.0
    },
    "accuracy": 0.6576200417536534,
    "macro avg": {
      "precision": 0.49870772004646247,
      "recall": 0.48171587448695885,
      "f1-score": 0.4871637653016217,
      "support": 479.0
    },
    "weighted avg": {
      "precision": 0.6560055324079428,
      "recall": 0.6576200417536534,
      "f1-score": 0.6559885560074664,
      "support": 479.0
    }
  },
  "three_cases_file": "C:\\Users\\unkno\\OneDrive\\Documents\\GitHub\\disgusting-undergrad-busy-work\\CPSC Coursework\\CPSC4300\\Semester-Project\\Checkpoint 2\\xgb_three_cases.csv",
  "figures": {
    "confusion_matrices": "C:\\Users\\unkno\\OneDrive\\Documents\\GitHub\\disgusting-undergrad-busy-work\\CPSC Coursework\\CPSC4300\\Semester-Project\\Checkpoint 1\\figures\\xgb_confusion_mats.png",
    "feature_importance": "C:\\Users\\unkno\\OneDrive\\Documents\\GitHub\\disgusting-undergrad-busy-work\\CPSC Coursework\\CPSC4300\\Semester-Project\\Checkpoint 1\\figures\\xgb_feature_importance.png"
  }
}